{
  "45": {
    "model": "spherical",
    "nugget": 0.12156306261986839,
    "sill": 0.19526057270942238,
    "range": 29166.66604501758,
    "rmse": 0.048016252196174836,
    "bins": 